name,price(total),quantity,brand/seller,total:
brass inserts,13.99,1,,
2s lipo 1100 mAH,20,1,,
3x ESP32 devkitC,16.99,1,,
Heat shrinks,5.99,,,
roll of 12 awg wire,15.99,,,
20x 6809ZZ bearings,47.58,1,uxcell,
20x Diametric magnets,19.33,1,Eliveshown,
6s Lipo Charger,29.99,1,ISDT,
6s Lipo 2200mAH,34.99,1,Ovonic,
10x XT60 connector male + female,9.99,1,Tosiicop,
2x PC filament 1kg,47.98,1,CC3D,
m3 screws long,8.99,1,,
8x 5010 360kv motor,120,1,,
8x MKS xdrive mini,400,1,Makerbase,
2x steel linkage,15.28,1,MECCANIXITY,
80x MR106-RS bearings,48.95,1,Sackorange,
20x 6701-2RS bearings,19.58,1,uxcell,
SN65HVD230,7.99,1,,
"misc screws/washers/nuts, soldering iron, etc",67,,,
,,,,
,,,,
,,,,950.61